Partir au congrs de l'Association amricaine de science politique est une chance immense; y partir pour recevoir ce prix es|48
Eten is een viering, een beloning, een feest!  Eten is veel mr dan alleen voeding en nutrinten. PhD, Voedingsexpert|1
Participez au 2me congrs scientifique pluridisciplinaire organis par Dialogue des Sciences demain ds 8h45! Au p https://t.co/CmZI101FyN|1
Des chos du 34me congrs  Barcelone de la Socit Europenne de #reproduction humaine et d'#embryologie: les ava https://t.co/MHvhdKYKlD|1
Partir au congrs de l'Association amricaine de science politique est une chance immense; y partir pour recevoir c https://t.co/ApPV0tbjtc|1
Maag-darm-lever arts Dr. Marten Otten en Fyto- en darmfloratherapeut @DeGroeneVrouw Nienke Tode-Gottenbos spreken o https://t.co/C0Ea2wqztY|1
[ 16 dagen tot het Health Science Congres ]  Gisteren was de sprekersbijeenkomst van het congres op 20 sept.  Het https://t.co/lgwDcCiQes|1
Congrs de l'European academy of forensic science de Lyon : quand la science traque les crimes https://t.co/WSu0QhLP9B|1
De lusage limit, mais dterminant, du portrait robot gntique. Cest  lire ici: https://t.co/nflv5T5QXk via @laprovence|1
[ 16 dagen tot het Health Science Congres ]  Gisteren was de sprekersbijeenkomst van het congres op 20 sept.  Het mome|2
SCIENCE E(S)T ENGAGEMENT CITOYEN  Le congrs #Amcsti2018 est officiellement ouvert !  https//t.co/Q3iDTGbEzf|1
Direction Boston pour le congrs amricain de la science politique...  en voyage  Boston de Aroport de Lyon Sain https://t.co/zpH4dZF8tM|1
Bonne reprise  tous. Intervention d'Eric Dagiral  From Self-Tracking to Tracking Patients? QS and health organiza https://t.co/Hsn37xHiAb|1
Er zijn nog enkele plaatsen beschikbaar voor het Congres Fire Safety &amp; Science op 14 en 15 november. Sprekers uit b https://t.co/3gnuBlNAFq|1
Pour la 1re fois en Europe, le Congrs Mondial dAgroforesterie se tiendra  #Montpellier du 20 au 22 mai 2019 sur https://t.co/8PVVY0gPIt|1
Le 87e #Congrs #Acfas se tiendra @UQO du 27 au 31 mai 2019 #savoirs #socits #recherche #sciences  Dposez votre proposition|1
Werk jij als gezondheidsprofessional? Bestel vandaag nog je ticket voor het Orthica Health Science Congres!  #health #|1
Congrs de l'European academy of forensic science de Lyon : quand la science traque les crimes https://t.co/oYDWQbEKHQ|1
Eten is een viering, een beloning, een feest!  Eten is veel mr dan alleen voeding en nutrinten. PhD, Voedingsex https://t.co/u4I0jOLU3V|1
The Call for Panels for the 2019 conference of the French Association  for political science AFSP (to be held on 2- https://t.co/Cr5snMmu3B|1
14/15 novehttps://www.decongreskalender.nl/wp-admin/themes.phpmber 2018; 11e Nationaal Congres Fire Safety &amp; Scienc https://t.co/4HeUqH8BAh|1
Congrs de l'European academy of forensic science de Lyon  quand la science traque les crimes https//t.co/2Z72kPP4Oy #Sci|2
Le congrs de Montral est fini. Un congrs agrable et riche dans une ambiance dtendue. Merci  Michel Landry et https://t.co/QPBQJAf40d|1
Alojz Peterle: in Slovenia Veda means science. #iavc International Ayurveda Congres https://t.co/CILANp4mXY|1
[ Nog 17 dagen tot het Orthica Health Science Congres ] "Wat als pijn niet verdwijnt, chronisch wordt en je die dag https://t.co/gPM3oHAHGy|1
87e Congrs de l'ACFAS : ouverture de l'appel de propositions https://t.co/aN0ab6vY5W #acfas|1
1 van de actuele gezondheidsthema's tijdens het Orthica Health Science Congres  Bestel vandaag nog je ticket!  https://t.co/1nKMFZeVAu|1
Participez au 2me congrs scientifique pluridisciplinaire organis par Dialogue des Sciences demain ds 8h45! Au progra|1
Qu'est-ce que la science ouverte? coutez Rmi Quirion, scientifique en chef du Qubec, au congrs annuel de https://t.co/L8L4sVuASM|1
Bonne reprise  tous. Intervention d'Eric Dagiral  From Self-Tracking to Tracking Patients? QS and health organizations in F|1
Belle discussion au caf-thique autour du code dthique et particulirement sur le positionnement de la professio https://t.co/vpousfVumw|1
Er zijn nog enkele plaatsen beschikbaar voor het Congres Fire Safety &amp; Science op 14 en 15 november. Sprekers uit binnen- en|4
#ESOF2018 ctait en juillet dernier  #Toulouse et ctait un plaisir pour #Toulouseevenements daccueillir ce gra https://t.co/jgnTp8dW4X|1
[ Nog 17 dagen tot het Orthica Health Science Congres ] "Wat als pijn niet verdwijnt, chronisch wordt en je die dag in,|1
